
lab-14[main ?+]$ psql -f data/schema.sql -d lab14
DROP TABLE
CREATE TABLE
lab-14[main ?+]$ psql
psql (13.2)
Type "help" for help.

esraa=# \c lab14
You are now connected to database "lab14" as user "esraa".
lab14=# SELECT COUNT(*) FROM books;
 count
-------
     0
(1 row)

lab14=# \q
lab-14[main ?+]$ psql -f data/seed.sql -d lab14
INSERT 0 1
INSERT 0 1
INSERT 0 1
INSERT 0 1
INSERT 0 1
INSERT 0 1
INSERT 0 1
INSERT 0 1
INSERT 0 1
INSERT 0 1
INSERT 0 1
INSERT 0 1
lab-14[main ?+]$ psql
psql (13.2)
Type "help" for help.

esraa=# \c lab14
You are now connected to database "lab14" as user "esraa".
lab14=# SELECT COUNT(*) FROM books;
 count
-------
    12
(1 row)

lab14=# CREATE DATABASE lab14_normal WITH TEMPLATE lab14;
CREATE DATABASE
lab14=# \c lab14_normal
You are now connected to database "lab14_normal" as user "esraa".
lab14_normal=# SELECT COUNT(*) FROM books;
 count
-------
    12
(1 row)

lab14_normal=# CREATE TABLE AUTHORS (id SERIAL PRIMARY KEY, name VARCHAR(255));
CREATE TABLE
lab14_normal=# \d
             List of relations
 Schema |      Name      |   Type   | Owner
--------+----------------+----------+-------
 public | authors        | table    | esraa
 public | authors_id_seq | sequence | esraa
 public | books          | table    | esraa
 public | books_id_seq   | sequence | esraa
(4 rows)

lab14_normal=# \d authors
                                    Table "public.authors"
 Column |          Type          | Collation | Nullable |               Default
--------+------------------------+-----------+----------+-------------------------------------
 id     | integer                |           | not null | nextval('authors_id_seq'::regclass)
 name   | character varying(255) |           |          |
Indexes:
    "authors_pkey" PRIMARY KEY, btree (id)

lab14_normal=# INSERT INTO authors(name) SELECT DISTINCT author FROM books;
INSERT 0 10
lab14_normal=# SELECT COUNT(*) FROM authors;
 count
-------
    10
(1 row)

lab14_normal=# ALTER TABLE books ADD COLUMN author_id INT;
ALTER TABLE
lab14_normal=# \d
             List of relations
 Schema |      Name      |   Type   | Owner
--------+----------------+----------+-------
 public | authors        | table    | esraa
 public | authors_id_seq | sequence | esraa
 public | books          | table    | esraa
 public | books_id_seq   | sequence | esraa
(4 rows)

lab14_normal=# \d authors
                                    Table "public.authors"
 Column |          Type          | Collation | Nullable |
   Default
--------+------------------------+-----------+----------+------------
-------------------------
 id     | integer                |           | not null | nextval('au
thors_id_seq'::regclass)
 name   | character varying(255) |           |          |
Indexes:
    "authors_pkey" PRIMARY KEY, btree (id)

lab14_normal=# \d books
                                      Table "public.books"
   Column    |          Type          | Collation | Nullable |
       Default
-------------+------------------------+-----------+----------+-------
----------------------------
 id          | integer                |           | not null | nextva
l('books_id_seq'::regclass)
 title       | character varying(255) |           |          |
 author      | character varying(255) |           |          |
 isbn        | character varying(255) |           |          |
 image_url   | character varying(255) |           |          |
 description | text                   |           |          |
 author_id   | integer                |           |          |
Indexes:
    "books_pkey" PRIMARY KEY, btree (id)

lab14_normal=# UPDATE books SET author_id=author.id FROM (SELECT * FROM authors) AS author WHERE books.author = author.name;
UPDATE 12
lab14_normal=# SELECT author_id FROM books;
 author_id
-----------
         1
         1
         2
         3
         4
         5
         6
         7
         8
         9
        10
        10
(12 rows)

lab14_normal=# ALTER TABLE books DROP COLUMN author;
ALTER TABLE
lab14_normal=# ALTER TABLE books ADD CONSTRAINT fk_authors FOREIGN KEY (author_id) REFERENCES authors(id);
ALTER TABLE
lab14_normal=# \d books
                                      Table "public.books"
   Column    |          Type          | Collation | Nullable |
       Default
-------------+------------------------+-----------+----------+-------
----------------------------
 id          | integer                |           | not null | nextva
l('books_id_seq'::regclass)
 title       | character varying(255) |           |          |
 isbn        | character varying(255) |           |          |
 image_url   | character varying(255) |           |          |
 description | text                   |           |          |
 author_id   | integer                |           |          |
Indexes:
    "books_pkey" PRIMARY KEY, btree (id)
Foreign-key constraints:
    "fk_authors" FOREIGN KEY (author_id) REFERENCES authors(id)

lab14_normal=#

lab14_normal=# \d books
                                      Table "public.books"
   Column    |          Type          | Collation | Nullable |
       Default
-------------+------------------------+-----------+----------+-------
----------------------------
 id          | integer                |           | not null | nextva
l('books_id_seq'::regclass)
 title       | character varying(255) |           |          |
 isbn        | character varying(255) |           |          |
 image_url   | character varying(255) |           |          |
 description | text                   |           |          |
 author_id   | integer                |           |          |
Indexes:
    "books_pkey" PRIMARY KEY, btree (id)
Foreign-key constraints:
    "fk_authors" FOREIGN KEY (author_id) REFERENCES authors(id)

lab14_normal=# \d authors
                                    Table "public.authors"
 Column |          Type          | Collation | Nullable |
   Default
--------+------------------------+-----------+----------+------------
-------------------------
 id     | integer                |           | not null | nextval('au
thors_id_seq'::regclass)
 name   | character varying(255) |           |          |
Indexes:
    "authors_pkey" PRIMARY KEY, btree (id)
Referenced by:
    TABLE "books" CONSTRAINT "fk_authors" FOREIGN KEY (author_id) REF
ERENCES authors(id)